Philosophe	Naissance	Mort	Catégorie	Image	Page Wikipedia	Extrait Wikipédia
Machiavel	1469	1527	Philosophie moderne	https://upload.wikimedia.org/wikipedia/commons/e/e2/Portrait_of_Niccol%C3%B2_Machiavelli_by_Santi_di_Tito.jpg	https://fr.wikipedia.org/wiki/Machiavel	 <p><b>Nicolas Machiavel</b> (en italien : <span lang="it"><b>Niccolò di Bernardo dei Machiavelli</b></span>) est un humaniste florentin de la Renaissance, né le <time datetime="1469-05-12" data-sort-value="1469-05-12">3 mai 1469</time> à Florence, et mort dans cette même ville le <time datetime="1527-07-01" data-sort-value="1527-07-01">21 juin 1527</time>. Théoricien de la politique, de l'histoire et de la guerre, mais aussi poète et dramaturge, il a été pendant quatorze ans fonctionnaire de la République de Florence pour laquelle il a effectué plusieurs missions diplomatiques, notamment auprès de la papauté et de la cour de France. Durant toutes ces années, il observe de près la mécanique du pouvoir et le jeu des ambitions concurrentes. Machiavel est à ce titre, avec Thucydide, l'un des fondateurs du courant réaliste en politique internationale. Deux livres majeurs ont surtout assuré sa célébrité : <i>Le Prince</i> et <i>Discours sur la première décade de Tite-Live</i>. </p><p>Philosophe politique de première importance, il est l'un des fondateurs de la politique moderne et ses écrits inspireront plusieurs grands théoriciens de l'État, notamment Jean Bodin, Thomas Hobbes et John Locke, ainsi qu'un renouveau d'intérêt pour la notion de conscription, très prégnante durant la République romaine. Sa volonté de séparer la politique de la morale et de la religion marque également profondément la philosophie politique. C'est sur ce point d'ailleurs que les interprétations de la pensée de Machiavel diffèrent le plus. Pour Leo Strauss, la rupture entre politique et morale trace la frontière entre la philosophie politique classique et la philosophie politique moderne, laquelle prendra son essor lorsque Thomas Hobbes adoucira la radicalité machiavélienne. Strauss s'inscrit à la suite du huguenot Innocent Gentillet et voit Machiavel comme « un enseignant du mal » : c'est tout le thème du machiavélisme vu comme volonté de tromper, leçon de cynisme et d'immoralisme. Pour d'autres, tel Benedetto Croce, Machiavel est un réaliste qui distingue faits politiques et valeurs morales et pour qui, selon la distinction proposée par Max Weber, toute action politique met les hommes d'État face à un conflit entre éthique de la responsabilité et éthique de la conviction. C'est également dans cette optique que Machiavel est vu comme un précurseur de Francis Bacon, de l'empirisme et de la science basée sur des faits. </p><p>La politique chez lui se caractérise par le mouvement, les ruptures violentes et le conflit. Si le recours à la force est une possibilité clairement admise, la politique requiert également des capacités rhétoriques de façon à convaincre les autres. Enfin, elle exige que les hommes politiques recourent à la <i><span lang="it">virtù</span></i>, un des concepts clés de sa pensée, qui désigne l'habileté, la puissance individuelle et le flair, permettant de passer outre à la force aveugle de la mauvaise fortune et d'innover afin que l'État puisse faire face aux défis qui se présentent. Ici deux traditions d'interprétation s'opposent : ceux qui insistent, tel Nietzsche, sur le caractère aristocratique de l'homme d'État machiavélien et ceux qui, au contraire, mettent en avant le fait que, dans une république où chacun a la liberté de participer au politique, il se trouvera nombre d'hommes disposant de la <i><span lang="it">virtù</span></i> nécessaire pour faire face aux défis à relever. </p><p>Dans les <i>Discours sur la première décade de Tite-Live</i> se fait jour le républicanisme de Machiavel. Celui-ci inspirera le républicanisme des révolutions anglaises du <abbr class="abbr" title="17ᵉ siècle"><span>XVII</span><sup style="font-size:72%">e</sup></abbr> siècle ainsi que les formes de républicanisme qui émergeront à la suite de la Révolution française et de la révolution américaine. Loin de voir un modèle à imiter dans le <i>Prince</i> de Machiavel, Jean-Jacques Rousseau y voit une satire de la tyrannie qui rend d'autant plus nécessaire l'établissement d'une république. L'interprétation républicaine de Machiavel connaît un nouvel essor à la fin du <abbr class="abbr" title="20ᵉ siècle"><span>XX</span><sup style="font-size:72%">e</sup></abbr> siècle avec notamment les travaux de John Greville Agard Pocock et de Quentin Skinner. À l'encontre de cette interprétation positive, la pensée de Machiavel a été mise en cause dans le déclenchement des deux guerres mondiales et la montée des totalitarismes. La grande diversité d'interprétations de Machiavel vient, selon Charles Benoist, de ce qu'il existe au moins quatre types de machiavélisme : celui de Machiavel, celui de ses disciples, celui de ses adversaires et celui des gens qui ne l'ont jamais lu.</p>
Jean Bodin	1529	1593	Philosophie moderne	https://upload.wikimedia.org/wikipedia/commons/e/e5/Jean_Bodin.jpg	https://fr.wikipedia.org/wiki/Jean_Bodin	<p><b>Jean Bodin</b>, né en 1529 ou 1530 à Angers et mort en 1596 à Laon, est un jurisconsulte, économiste, philosophe et théoricien politique français, qui influença l’histoire intellectuelle de l’Europe par ses théories économiques et ses principes de « bon gouvernement » exposés dans des ouvrages souvent réédités. La diffusion du plus célèbre d'entre eux, <i>Les Six Livres de la République</i>, n'a été égalée que par <i>De l'esprit des lois</i> de Montesquieu. En économie politique, il perçoit les dangers de l'inflation et élabore la théorie quantitative de la monnaie à l'occasion d'une controverse avec Monsieur de Malestroit. Enfin, il établit une méthode comparative en droit et en histoire qui fécondera les travaux de Grotius et Pufendorf. </p><p>Dans <i>Les Six Livres de la République</i>, il est l'un des premiers à établir le concept de la souveraineté qui inspirera Hobbes et Locke. Il pose également les fondements théoriques de la monarchie absolue — puissance de commandement, puissance absolue, puissance indivisible, puissance perpétuelle — et les notions juridiques relatives à la souveraineté des États. Par son influence sur le cardinal de Richelieu et ses juristes, Bodin peut être considéré dans une certaine mesure comme l'un des fondateurs de l'absolutisme à la française. Parmi ses autres apports, figurent également l'encadrement des attributions des juges et de l'administration ainsi que l'établissement de distinctions fondamentales entre État et gouvernement. </p><p>Esprit moderne à certains égards, Bodin est toutefois susceptible de déconcerter les lecteurs actuels à la fois par son traité de philosophie de la nature, qui accorde beaucoup de poids à l'arithmologie et à l'astrologie, par un traité de démonologie qui a contribué directement à la répression de la sorcellerie et par son traité <i>Les Six livres de la République</i> qui justifie la domination de l’homme sur la femme et sa nécessaire exclusion du trône. </p><p>Alors que les guerres de religion dévastent la France, il se fait l'avocat de la tolérance religieuse, notamment par son opposition à une initiative royale qui voulait lever des fonds pour reprendre la guerre contre les huguenots. Il a aussi défendu l'idée de tolérance dans ses écrits, tout particulièrement dans le <i>Colloquium heptaplomeres</i>, resté à l'état de manuscrit, où il fait dialoguer sept sages de confessions différentes. </p>
La Boétie	1530	1563	Philosophie moderne		https://fr.wikipedia.org/wiki/La_Bo%C3%A9tie	 
Montaigne	1533	1592	Philosophie moderne		https://fr.wikipedia.org/wiki/Montaigne	 
Francisco Suárez	1548	1617	Philosophie moderne	https://upload.wikimedia.org/wikipedia/commons/9/97/Suarez_LOC_hec.13754_%28cropped%29.jpg	https://fr.wikipedia.org/wiki/Francisco_Su%C3%A1rez	<p><b>Francisco Suárez</b> (connu comme le <i><b>Doctor eximius</b></i>), né le <time datetime="1548-01-15" data-sort-value="1548-01-15">5 janvier 1548</time> à Grenade (Espagne) et mort le <time datetime="1617-09-25" data-sort-value="1617-09-25">25 septembre 1617</time> à Lisbonne, est un philosophe et théologien jésuite espagnol, généralement considéré comme l'un des plus grands scolastiques après Thomas d'Aquin. Il fait partie de la célèbre École de Salamanque. </p>
Francis Bacon	1561	1626	Philosophie moderne		https://fr.wikipedia.org/wiki/Francis_Bacon	<p><b>Francis Bacon</b> peut désigner : </p> <ul><li>Francis Bacon (1561-1626), philosophe anglais ;</li> <li>Francis Bacon (1909-1992), peintre britannique ;</li> <li>Francis Thomas Bacon (1904-1992), ingénieur.</li></ul>
Hobbes	1588	1679	Philosophie moderne XVIIe		https://fr.wikipedia.org/wiki/Hobbes	 
Gassendi	1592	1655	Philosophie moderne XVIIe		https://fr.wikipedia.org/wiki/Gassendi	 
Descartes	1596	1650	Philosophie moderne XVIIe		https://fr.wikipedia.org/wiki/Descartes	 
Gabriel Naudé	1600	1653	Philosophie moderne XVIIe	https://upload.wikimedia.org/wikipedia/commons/4/4a/Gabriel_Naude.jpg	https://fr.wikipedia.org/wiki/Gabriel_Naud%C3%A9	<p><b>Gabriel Naudé</b>, né le <time datetime="1600-02-02" data-sort-value="1600-02-02">2 février 1600</time> à Paris et mort le <time datetime="1653-07-10" data-sort-value="1653-07-10">10 juillet 1653</time> à Abbeville, est un bibliothécaire français, un lettré et libertin érudit, un théoricien de la raison d'État et un polymathe. </p>
Antoine Arnauld	1612	1694	Philosophie moderne XVIIe		https://fr.wikipedia.org/wiki/Antoine_Arnauld	<p>Plusieurs membres de la famille Arnauld, célèbre au <abbr title="17ᵉ siècle"><span>XVII</span><sup style="font-size:72%">e</sup></abbr> siècle, se prénomment Antoine : </p> <ul><li>Antoine Arnauld (1560-1619), avocat ;</li> <li>Antoine Arnauld (1612-1694), dit le « Grand Arnauld », fils du précédent, philosophe et théologien français, l’un des chefs de file du jansénisme ;</li> <li>Antoine Arnauld (1616-1698), dit « l'abbé Arnauld », neveu du précédent, militaire puis abbé, auteur de <i>Mémoires</i>.</li></ul>
Pascal	1623	1662	Philosophie moderne XVIIe		https://fr.wikipedia.org/wiki/Pascal	<p>Le mot « <b>pascal</b> » est originellement un adjectif qualifiant ce qui se rapporte à Pâques. Par conversion, il est devenu un nom propre ou un nom commun, utilisé notamment comme anthroponyme et toponyme. </p><p>Le patronyme « <b>Pascal</b> », employé sans précision de prénom, fait habituellement référence au philosophe Blaise Pascal. </p>
Pierre Nicole	1625	1695	Philosophie moderne XVIIe	https://upload.wikimedia.org/wikipedia/commons/e/ef/Pierre-Nicole-transparent.png	https://fr.wikipedia.org/wiki/Pierre_Nicole	<p><b>Pierre Nicole</b> est un théologien, moraliste, logicien et controversiste français, né le <time datetime="1625-10-19" data-sort-value="1625-10-19">19 octobre 1625</time> à Chartres, mort le <time datetime="1695-11-16" data-sort-value="1695-11-16">16 novembre 1695</time> à Paris. Il est considéré comme un des principaux auteurs jansénistes. </p>
Locke	1632	1704	Philosophie moderne XVIIe		https://fr.wikipedia.org/wiki/Locke	
Spinoza	1632	1677	Philosophie moderne XVIIe		https://fr.wikipedia.org/wiki/Spinoza	 
Malebranche	1638	1715	Philosophie moderne XVIIe		https://fr.wikipedia.org/wiki/Malebranche	 
Leibniz	1646	1716	Philosophie moderne XVIIe		https://fr.wikipedia.org/wiki/Leibniz	 
Pierre Bayle	1647	1706	Philosophie moderne XVIIe	https://upload.wikimedia.org/wikipedia/commons/9/92/Pierre_Bayle_by_Louis_Ferdinand_Elle.jpg	https://fr.wikipedia.org/wiki/Pierre_Bayle	<p><b>Pierre Bayle</b>, né le <time datetime="1647-11-18" data-sort-value="1647-11-18">18 novembre 1647</time> au Carla-le-Comte, près de Pamiers en Pays de Foix (aujourd'hui Ariège), et mort le <time datetime="1706-12-28" data-sort-value="1706-12-28">28 décembre 1706</time> à Rotterdam, est un philosophe, écrivain et lexicographe français. </p>
Giambattista Vico	1668	1744	Philosophie moderne XVIIIe	https://upload.wikimedia.org/wikipedia/commons/6/6b/Giambattista_Vico_Jerace_Castel_Nuovo.jpg	https://fr.wikipedia.org/wiki/Giambattista_Vico	<p><b>Giambattista Vico</b> ou <b>Giovan Battista Vico</b>, né le <time datetime="1668-06-23" data-sort-value="1668-06-23">23 juin 1668</time> à Naples où il est mort le <time datetime="1744-01-23" data-sort-value="1744-01-23">23 janvier 1744</time>, est un philosophe de la politique, un rhétoricien, un historien et un juriste napolitain, qui élabora une métaphysique et une philosophie de l'histoire. </p><p>Dans ses ouvrages dont le plus célèbre est <i>La Science nouvelle</i> (<i>Scienza Nuova</i>, 1725), Vico critique le développement du rationalisme moderne et se veut un apologiste de l’Antiquité classique. Il est considéré comme le précurseur de la <i>pensée complexe</i>, opposée à l’analyse cartésienne et autres formes de réductionnisme et comme le premier penseur à avoir exposé les aspects fondamentaux des sciences sociales, encore que ses conceptions n’aient pas nécessairement influencé les premiers sociologues. </p><p>On lui doit également la proposition <i>verum esse ipsum factum</i> (« le vrai est le faire même »), qui peut être vue comme une manifestation précoce de l'épistémologie constructiviste<sup>,</sup>. </p><p>Par ailleurs, la <i>Science nouvelle</i> ayant fait l'objet par Jules Michelet, d'une traduction assez libre avec le sous-titre <i>Philosophie de l'histoire</i>, Vico est souvent cité comme celui qui en jeta les fondements après Ibn Khaldoun, bien que cette expression ne se trouve pas dans ses écrits (Vico utilise l’expression d’<span>« histoire de la philosophie racontée philosophiquement »</span>). </p><p>L’intérêt pour son œuvre a été récemment stimulé par des tenants de l'historicisme, notamment Isaiah Berlin et Hayden White<sup>,</sup>. </p>
Lord Shaftesbury	1671	1713	Philosophie anglaise XVIIIe		https://fr.wikipedia.org/wiki/Lord_Shaftesbury	 
Christian Wolff	1679	1754	Philosophie allemande XVIIIe-XIXe		https://fr.wikipedia.org/wiki/Christian_Wolff	<p><b>Christian Wolff</b> peut désigner : </p> <ul><li>Christian Wolff (1934-), compositeur américain ;</li> <li>Christian Wolff (1679-1754), philosophe allemand ;</li> <li>Hellmuth Christian Wolff (1906-1988), compositeur allemand ;</li> <li>Christian Wolff (1938-), acteur allemand ;</li> <li>Torger Christian Wolff (1972-), pilote automobile autrichien et propriétaire minoritaire de l'écurie Williams F1 Team.</li></ul>
Berkeley	1685	1753	Philosophie anglaise XVIIIe		https://fr.wikipedia.org/wiki/Berkeley	<p><b>Berkeley</b> est un nom propre anglo-saxon qui peut faire référence à : </p> 
Montesquieu	1689	1755	Philosophie française XVIIIe	https://upload.wikimedia.org/wikipedia/commons/f/fc/Montesquieu_1.png	https://fr.wikipedia.org/wiki/Montesquieu	<p><b>Charles Louis de Secondat, baron de La Brède et de Montesquieu</b>, est un penseur politique, précurseur de la sociologie, philosophe et écrivain français des Lumières, né le <time datetime="1689-01-18" data-sort-value="1689-01-18">18 janvier 1689</time> à La Brède (Guyenne, près de Bordeaux) et mort le <time datetime="1755-02-10" data-sort-value="1755-02-10">10 février 1755</time> à Paris. </p><p>Jeune homme passionné par les sciences, plein d'esprit, Montesquieu publie anonymement les <i>Lettres persanes</i> (1721), un roman épistolaire qui fait la satire amusée de la société française de la Régence, vue par des Persans fictifs. Le roman met en cause les différents systèmes politiques et sociaux, y compris celui des Persans. </p><p>Il voyage ensuite en Europe et séjourne plus d'un an en Angleterre où il observe la monarchie constitutionnelle et parlementaire qui a remplacé la monarchie autocratique. </p><p>De retour dans son château de La Brède au sud de Bordeaux, il se consacre à ses grands ouvrages qui associent histoire et philosophie politique : <i>Considérations sur les causes de la grandeur des Romains et de leur décadence</i> (1734) et <i>De l'Esprit des lois</i> (1748), dans lequel il développe sa réflexion sur la répartition des fonctions de l'État entre ses différentes composantes, appelée postérieurement « principe de séparation des pouvoirs ». </p><p>Montesquieu, avec entre autres John Locke, est l'un des penseurs de l'organisation politique et sociale sur lesquels les sociétés modernes et politiquement libérales s'appuient. Ses conceptions — notamment en matière de séparation des pouvoirs — ont contribué à définir le principe des démocraties occidentales. </p>
Voltaire	1694	1778	Philosophie française XVIIIe	https://upload.wikimedia.org/wikipedia/commons/f/f2/Atelier_de_Nicolas_de_Largilli%C3%A8re%2C_portrait_de_Voltaire%2C_d%C3%A9tail_%28mus%C3%A9e_Carnavalet%29_-002.jpg	https://fr.wikipedia.org/wiki/Voltaire	<p><b>François-Marie Arouet</b>, dit <b>Voltaire</b>, né le 21 novembre 1694 à Paris où il meurt le <time datetime="1778-05-30" data-sort-value="1778-05-30">30 mai 1778</time>, est un écrivain, philosophe, dramaturge, poète et encyclopédiste français qui a marqué le <abbr title="18ᵉ siècle"><span>XVIII</span><sup style="font-size:72%">e</sup></abbr> siècle. </p><p>Figure majeure de la philosophie des Lumières, anglomane, féru d'arts et de sciences, Voltaire marque son époque par sa production littéraire et ses engagements politiques. Son influence est décisive sur les classes fortunées libérales avant la Révolution française et pendant le début du <abbr title="19ᵉ siècle"><span>XIX</span><sup style="font-size:72%">e</sup></abbr> siècle. </p><p>Anticlérical mais déiste, il dénonce dans son <i>Dictionnaire philosophique</i> le fanatisme religieux de son époque. Sur le plan politique, il est en faveur d’une monarchie modérée et libérale, éclairée par les « philosophes ». Mettant sa notoriété au service des victimes de l’intolérance religieuse ou de l’arbitraire, il prend position dans des affaires qu’il a rendues célèbres : Jean Calas, Pierre-Paul Sirven, le chevalier de La Barre et le comte de Lally. </p><p>Sa production théâtrale, ses longs poèmes épiques, telle <i>La Henriade</i>, ses œuvres historiques et surtout pamphlétaires font de lui l’un des écrivains français les plus connus au <abbr title="18ᵉ siècle"><span>XVIII</span><sup style="font-size:72%">e</sup></abbr> siècle. Son œuvre comprend aussi des contes, notamment <i>Candide ou l'Optimisme</i>, des <i>Lettres philosophiques</i>, le <i>Dictionnaire philosophique</i> et une correspondance monumentale dont nous connaissons plus de quinze mille lettres sur un total parfois estimé à quarante mille. </p><p>Titulaire pendant quelques années d'une charge officielle d'historiographe du roi, il a publié <i>Le Siècle de Louis XIV</i>, <i>Le Siècle de Louis XV</i> et l'<i>Essai sur les mœurs</i>, ouvrages considérés comme les premiers essais historiques modernes. Sa <i>Philosophie de l'histoire</i> fait de lui le précurseur du déterminisme historique au <abbr title="19ᵉ siècle"><span>XIX</span><sup style="font-size:72%">e</sup></abbr> siècle, puis de l'histoire culturelle au <abbr title="20ᵉ siècle"><span>XX</span><sup style="font-size:72%">e</sup></abbr> siècle. </p><p>Tout au long de sa vie, Voltaire fréquente les <i>Grands</i> et courtise les monarques, sans dissimuler son dédain pour les classes populaires, mais il est aussi en butte aux interventions du pouvoir, ce qui le fera emprisonner à la Bastille et le pousse à l’exil en Angleterre. En 1749, après la mort d’Émilie du Châtelet, avec laquelle il a entretenu une liaison houleuse pendant quinze ans, il part pour la cour de Prusse mais, déçu dans ses espoirs de jouer un grand rôle auprès de Frédéric II à Berlin, il se brouille avec lui après trois ans et quitte Berlin en 1753. Il se réfugie un peu plus tard aux Délices, près de Genève, avant d’acquérir en 1759 un domaine à Ferney, sur la frontière franco-genevoise. Il ne retourne à Paris qu’en 1778, ovationné par ses partisans après une absence de près de vingt-huit ans. Il y meurt à 83 ans. </p><p>Voltaire aime le confort, les plaisirs de la table et de la conversation qu’il considère, avec le théâtre, comme l’une des formes les plus abouties de la vie en société. Il acquiert une fortune considérable dans des opérations spéculatives, surtout la vente d'armes, et dans la vente de ses ouvrages, ce qui lui permet de s’installer en 1759 au château de Ferney et d'y vivre sur un grand pied, tenant table et porte ouvertes. Le pèlerinage à Ferney fait partie en 1770-1775 du périple de formation des classes supérieures européennes sympathisant avec le parti philosophique. Investissant ses capitaux, il fait du village misérable de Ferney une petite ville prospère. Généreux, d'humeur gaie, il est néanmoins chicanier et parfois féroce et mesquin avec ses adversaires comme Jean-Jacques Rousseau, Crébillon ou Lefranc de Pompignan. </p><p>La Révolution française voit en lui comme en Rousseau un précurseur, si bien qu'il entre au Panthéon en 1791, le deuxième après Mirabeau. À cette même période, sur l'initiative du marquis de Villette qui l'hébergeait, le « quai des Théatins » où l'écrivain habitait à Paris au moment de sa mort sera baptisé « quai Voltaire ». Célébré par la <abbr title="Troisième">III<sup>e</sup></abbr> République (dès 1870, à Paris, un boulevard, une impasse et une place portent son nom), il a nourri, au <abbr title="19ᵉ siècle"><span>XIX</span><sup style="font-size:72%">e</sup></abbr> siècle, les passions antagonistes des adversaires et des défenseurs de la laïcité de l’État et de l’école publique, et, au-delà, de l’esprit des Lumières. </p>
Francis Hutcheson	1694	1746	Philosophie anglaise XVIIIe		https://fr.wikipedia.org/wiki/Francis_Hutcheson	<ul><li>Francis Hutcheson (1694-1746), philosophe</li> <li>Francis Hutcheson <span title="Article en anglais : « Francis Hutcheson (songwriter) »">(en)</span> (1721-1773), parolier, fils du premier</li></ul>
La Mettrie	1709	1751	Philosophie française XVIIIe		https://fr.wikipedia.org/wiki/La_Mettrie	 
Thomas Reid	1710	1796	Philosophie anglaise XVIIIe	https://upload.wikimedia.org/wikipedia/commons/9/92/ThomasReid.jpg	https://fr.wikipedia.org/wiki/Thomas_Reid	<p><b>Thomas Reid</b>, né le <time datetime="1710-04-26" data-sort-value="1710-04-26">26 avril 1710</time> à Strachan et mort le <time datetime="1796-10-07" data-sort-value="1796-10-07">7 octobre 1796</time> à Glasgow, est un philosophe britannique contemporain de David Hume, fondateur de l'école écossaise du sens commun. </p> 
Hume	1711	1776	Philosophie anglaise XVIIIe		https://fr.wikipedia.org/wiki/Hume	<p><b>Hume</b>, employé seul, fait le plus souvent référence à : </p> <ul><li>David Hume (1711-1776), philosophe né à Édimbourg en Écosse</li></ul>
Rousseau	1712	1778	Philosophie française XVIIIe		https://fr.wikipedia.org/wiki/Rousseau	<p><b>Rousseau</b> est un nom de famille et un nom de lieu ou une personne. </p>
Diderot	1713	1784	Philosophie française XVIIIe		https://fr.wikipedia.org/wiki/Diderot	 
Baumgarten	1714	1762	Philosophie allemande XVIIIe-XIXe		https://fr.wikipedia.org/wiki/Baumgarten	<p><b>Baumgarten</b> est un nom propre germanique qui peut faire référence à : </p>
Condillac	1714	1780	Philosophie française XVIIIe		https://fr.wikipedia.org/wiki/Condillac	
Helvétius	1715	1771	Philosophie française XVIIIe		https://fr.wikipedia.org/wiki/Helv%C3%A9tius	
D'Alembert	1717	1783	Philosophie française XVIIIe		https://fr.wikipedia.org/wiki/D%27Alembert	 
Adam Smith	1723	1790	Philosophie anglaise XVIIIe	https://upload.wikimedia.org/wikipedia/commons/0/0a/AdamSmith.jpg	https://fr.wikipedia.org/wiki/Adam_Smith	<p><b>Adam Smith</b> (<span title="Alphabet phonétique international">/<span title="[ˈ] indique que la syllabe ou voyelle suivante porte l'accent tonique.">ˈ</span>æ<span title="[.] indique la séparation entre deux syllabes.">.</span><span title="[d] en français « d » dans « doux » ; ailleurs avec la langue un peu plus en arrière.">d</span><span title="[ə] « e » dans « refrain ».">ə</span><span title="[m] « m » dans « mou ».">m</span> <span title="[s] en français « s » dans « sa » ; ailleurs avec la langue un peu plus en arrière (tel le basque : « s » dans « euskara »).">s</span><span title="[m] « m » dans « mou ».">m</span>ɪ<span title="[θ] proche de « s » dans « sa » mais avec la langue entre les dents. En anglais, « th » dans « thin ».">θ</span>/</span>), né le <time datetime="1723-06-05" data-sort-value="1723-06-05">5 juin 1723</time> à Kirkcaldy et mort le <time datetime="1790-07-17" data-sort-value="1790-07-17">17 juillet 1790</time> à Édimbourg, est un philosophe et économiste écossais ainsi qu'une des principales figures des Lumières écossaises. Il est l'auteur de deux ouvrages classiques, <i>Théorie des sentiments moraux</i> et <i>Recherches sur la nature et les causes de la richesse des nations</i>, respectivement publiés en 1759 et 1776. Il reste dans l’histoire comme l'un des pères des sciences économiques modernes. Professeur de philosophie morale à l'université de Glasgow, Smith consacre dix années de sa vie à <i>La richesse des nations</i> qui inspire les grands économistes suivants, ceux que Karl Marx appellera les « classiques » et qui poseront les grands principes du libéralisme économique. </p><p>La plupart des économistes le considèrent comme « le père de l’économie politique » ; pourtant, certains, comme Joseph Schumpeter ou Murray Rothbard, l'ont défini comme un auteur mineur, considérant que son œuvre comportait peu d'idées originales et que ces dernières étaient pour beaucoup fausses<sup>,</sup>. </p> 
D'Holbach	1723	1789	Philosophie française XVIIIe		https://fr.wikipedia.org/wiki/D%27Holbach	 
Kant	1724	1804	Philosophie allemande XVIIIe-XIXe		https://fr.wikipedia.org/wiki/Kant	 
Lessing	1729	1781	Philosophie allemande XVIIIe-XIXe		https://fr.wikipedia.org/wiki/Lessing	<p><b>Lessing</b> est un nom de famille notamment porté par : </p> <ul><li>Carl Friedrich Lessing (1808-1880), peintre romantique allemand du <abbr title="19ᵉ siècle"><span>XIX</span><sup style="font-size:72%">e</sup></abbr> siècle, frère de Christian ;</li> <li>Christian Friedrich Lessing (1809-1862), botaniste allemand, frère de Carl ;</li> <li>Gotthold Ephraim Lessing (1729-1781), écrivain, critique et dramaturge allemand du <abbr title="18ᵉ siècle"><span>XVIII</span><sup style="font-size:72%">e</sup></abbr> siècle ;</li> <li>Doris Lessing (1919-2013), romancière britannique, prix Nobel de littérature en 2007 ;</li> <li>Erich Lessing (1923-2018), photographe autrichien ;</li> <li>Ferdinand Diedrich Lessing (1882 — 1961), sinologue, mongoliste et spécialiste du lamaïsme allemand ;</li> <li>Gunther Lessing (1885-1965), avocat américain ;</li> <li>Kolja Lessing (né en 1961), pianiste, violoniste et compositeur allemand ;</li> <li>Otto Lessing (1846-1912), sculpteur allemand de l'école de sculpture de Berlin ;</li> <li>Roland Lessing (né en 1978), biathlète estonien ;</li> <li>Simon Lessing (né en 1971), triathlète anglais ;</li> <li>Theodor Lessing (1872-1933), philosophe juif allemand ;</li></ul>
Moses Mendelssohn	1729	1786	Philosophie allemande XVIIIe-XIXe	https://upload.wikimedia.org/wikipedia/commons/1/1c/Moses_Mendelson_P7160073.JPG	https://fr.wikipedia.org/wiki/Moses_Mendelssohn	<p><b>Moses</b> (Moïse) <b>Mendelssohn</b>, né le <time datetime="1729-09-06" data-sort-value="1729-09-06">6 septembre 1729</time> à Dessau et mort le <time datetime="1786-01-04" data-sort-value="1786-01-04">4 janvier 1786</time> à Berlin, est un philosophe allemand du mouvement des Lumières. Il est le grand-père du compositeur Félix Mendelssohn. </p>
Condorcet	1743	1794	Philosophie française XVIIIe		https://fr.wikipedia.org/wiki/Condorcet	
Johann Gottfried Herder	1744	1803	Philosophie allemande XVIIIe-XIXe		https://fr.wikipedia.org/wiki/Johann_Gottfried_Herder	 
Bentham	1748	1832	Philosophie sociale et politique XIXe		https://fr.wikipedia.org/wiki/Bentham	
Goethe	1749	1832	Philosophie allemande XVIIIe-XIXe		https://fr.wikipedia.org/wiki/Goethe	 
Reinhold	1757	1823	Philosophie allemande XVIIIe-XIXe		https://fr.wikipedia.org/wiki/Reinhold	<p><b>Reinhold</b> (forme germanique du prénom français Renaud) peut désigner : </p>
Schiller	1759	1805	Philosophie allemande XVIIIe-XIXe		https://fr.wikipedia.org/wiki/Schiller	<p><b>Schiller</b> est un nom propre germanique qui peut faire référence à : </p>
Fichte	1762	1814	Philosophie allemande XVIIIe-XIXe		https://fr.wikipedia.org/wiki/Fichte	 
Maine de Biran	1766	1824	Philosophie XVIIIe-XIXe	https://upload.wikimedia.org/wikipedia/commons/c/c5/Maine_de_Biran.JPG	https://fr.wikipedia.org/wiki/Maine_de_Biran	<p><b>Pierre Maine de Biran</b>, de son nom complet Marie François Pierre Gontier de Biran (<time datetime="1766-11-29" data-sort-value="1766-11-29">29 novembre 1766</time> à Bergerac – <time datetime="1824-07-20" data-sort-value="1824-07-20">20 juillet 1824</time> à Paris), est un philosophe, mathématicien et précurseur de la psychologie qui appartient au courant du spiritualisme français, après avoir rompu avec la philosophie de la société des idéologues. </p> 
Benjamin Constant	1767	1830	Philosophie sociale et politique XIXe	https://upload.wikimedia.org/wikipedia/commons/9/98/Henri-Benjamin_Constant_de_Rebecque.png	https://fr.wikipedia.org/wiki/Benjamin_Constant	<p><b>Benjamin Constant de Rebecque</b>, né le <time datetime="1767-10-25" data-sort-value="1767-10-25">25 octobre 1767</time> à Lausanne et mort le <time datetime="1830-12-08" data-sort-value="1830-12-08">8 décembre 1830</time> à Paris, inhumé au cimetière du Père-Lachaise, est un romancier, homme politique, et intellectuel (philosophe) français d'origine vaudoise. </p><p>Républicain et engagé en politique depuis 1795, il soutient le coup d'État du 18 fructidor an V (<time datetime="1797-09-04" data-sort-value="1797-09-04">4 septembre 1797</time>), puis celui du 18 Brumaire (an VIII : <time datetime="1799-11-09" data-sort-value="1799-11-09">9 novembre 1799</time>). Il devient, sous le Consulat, le chef de l'opposition libérale dès 1800. Après avoir quitté la France pour la Suisse puis l'Allemagne, il se rallie à Napoléon pendant les Cent jours, et revient en politique sous la Restauration. Élu député en 1819, il le sera encore à sa mort en 1830. Chef de file de l'opposition libérale, connue sous le nom des célèbres « Indépendants », il est l'un des orateurs les plus en vue de la Chambre des députés et défend le régime parlementaire. Lors de la révolution de Juillet, il soutient l'installation de Louis-Philippe sur le trône. </p><p>Auteur de nombreux essais sur des questions politiques ou religieuses, Benjamin Constant a également écrit des romans psychologiques sur le sentiment amoureux comme <i>Le Cahier rouge</i> (1807), où se retrouvent des éléments autobiographiques de son amour pour Madame de Staël, et <i>Adolphe</i> (1816). </p>
Schleiermacher	1768	1834	Philosophie allemande XVIIIe-XIXe		https://fr.wikipedia.org/wiki/Schleiermacher	 
Humboldt	1769	1859	Philosophie allemande XVIIIe-XIXe		https://fr.wikipedia.org/wiki/Humboldt	
Hegel	1770	1831	Philosophie allemande XVIIIe-XIXe		https://fr.wikipedia.org/wiki/Hegel	 
Novalis	1772	1801	Philosophie allemande XVIIIe-XIXe	https://upload.wikimedia.org/wikipedia/commons/1/1e/Novalis-1.jpg	https://fr.wikipedia.org/wiki/Novalis	<p><b>Novalis</b>, de son vrai nom <b>Georg Philipp Friedrich von Hardenberg</b>, né le <time datetime="1772-05-02" data-sort-value="1772-05-02">2 mai 1772</time> au château d'Oberwiederstedt (Arnstein), près de Mansfeld alors situé dans l'Électorat de Saxe et mort le <time datetime="1801-03-25" data-sort-value="1801-03-25">25 mars 1801</time> à Weißenfels (ou Weissenfels, actuelle Allemagne), est un poète, romancier, philosophe, juriste, géologue, minéralogiste et ingénieur des Mines allemand. Il est l'un des représentants les plus éminents du premier romantisme allemand (cercle d'Iéna). </p> 
Schlegel	1772	1829	Philosophie allemande XVIIIe-XIXe		https://fr.wikipedia.org/wiki/Schlegel	<p><b>Schlegel</b> est un nom porté par : </p> <ul><li>August Wilhelm Schlegel (1767-1845), critique, poète, orientaliste et traducteur allemand ;</li> <li>Brad Schlegel (1968-), joueur professionnel canadien de hockey sur glace ;</li> <li>Elfi Schlegel (1964-), gymnaste canadienne ;</li> <li>Fernand Schlegel (1920-2002), artiste peintre français ;</li> <li>Friedrich Schlegel (1772-1829), philosophe, critique et écrivain romantique allemand ;</li> <li>Johann Adolf Schlegel (1721-1793), poète et pasteur allemand, père d'August Wilhelm et Friedrich Schlegel ;</li> <li>Johann Elias Schlegel (1719-1749), poète allemand, frère de Johann Adolf Schlegel ;</li> <li>Hans Schlegel (1951-), spationaute allemand ;</li> <li>Hermann Schlegel (1804-1884), ornithologue allemand ;</li> <li>Margarete Schlegel (1899-1987), actrice allemande ;</li> <li>Valentine Schlegel (1925-2021), sculptrice et céramiste française ;</li> <li>Victor Schlegel (1843–1905), mathématicien allemand, créateur du diagramme de Schlegel.</li></ul><p>C'est aussi le nom de plusieurs animaux, en référence à Hermann Schlegel : </p> <ul><li>le bengali de Schlegel, passereau vivant en Afrique tropicale ;</li> <li>le boa de l'île Ronde de Schlegel, serpent vivant à proximité de l'Île Maurice ;</li> <li>le francolin de Schlegel, oiseau vivant en Afrique centrale ;</li> <li>le gavial de Schlegel, crocodile de Malaisie et d'Indonésie ;</li> <li>le gorfou de Schlegel, oiseau des mers de l'Antarctique et nichant sur l'ile Macquarie ;</li> <li>le merle de Schlegel, merle d'Indonésie ;</li> <li>le pétrel de Schlegel, (appelé parfois diablotin de Schegel) oiseau du sud de l'Atlantique ;</li> <li>le philépitte de Schlegel, passereau de Madagascar ;</li> <li>le piopio de Schlegel, passereau du nord de la Nouvelle-Zélande ;</li> <li>le siffleur de Schlegel, passereau d'Indonésie ;</li> <li>le tohi de Schlegel, passereau de Colombie et du Venezuela ;</li> <li>le traquet de Schlegel, passereau de l'ouest de l'Afrique australe ;</li> <li>la vipère de Schlegel, vipère d'Amérique centrale et du nord de l'Amérique du Sud.</li></ul>
Schelling	1775	1854	Philosophie allemande XVIIIe-XIXe		https://fr.wikipedia.org/wiki/Schelling	<p><b>Schelling</b> est un nom de famille notamment porté par : </p> <ul><li>Caroline Schelling (1763-1809), femme de lettres et salonnière allemande,</li> <li>Florence Schelling (1989-), joueuse de hockey sur glace suisse</li> <li>Friedrich Wilhelm Joseph von Schelling (1775-1854), philosophe allemand,</li> <li>Hermann von Schelling (1824-1908), ministre prussien,</li> <li>Patrick Schelling (1990-), cycliste suisse,</li> <li>Philippe Schelling (1985-), joueur de hockey sur glace suisse,</li> <li>Sven Schelling (1983-), cycliste, triathlète et duathlète suisse,</li> <li>Thomas Schelling (1921-2016), économiste américain ayant remporté le « prix Nobel d'économie » 2005, et théoricien du conflit et de la stratégie nucléaire.</li></ul>
Schopenhauer	1788	1860	Philosophie allemande XVIIIe-XIXe		https://fr.wikipedia.org/wiki/Schopenhauer	 
Auguste Comte	1798	1857	Philosophie XVIIIe-XIXe	https://upload.wikimedia.org/wikipedia/commons/b/b3/Auguste_Comte.jpg	https://fr.wikipedia.org/wiki/Auguste_Comte	<p><b>Auguste Comte</b>, né <b>Isidore Marie Auguste François Xavier Comte</b> le <time datetime="1798-01-19" data-sort-value="1798-01-19">19 janvier 1798</time> (30 nivôse an VI) à Montpellier (Hérault) et mort le <time datetime="1857-09-05" data-sort-value="1857-09-05">5 septembre 1857</time> à Paris, est un philosophe et sociologue français, fondateur du positivisme. </p><p>Entré à l'École polytechnique dans la promotion 1814, il en est exclu avec toute sa promotion à la Restauration à cause de ses idées politiques. Son intérêt profond pour l'enseignement constitue le fil rouge de sa carrière. Il est tour à tour professeur particulier de mathématiques, répétiteur et examinateur à l’École polytechnique, et précepteur dans un établissement préparatoire aux concours scientifiques. Ses talents de pédagogue s'exercent également pendant plus de vingt-cinq ans dans les cours publics d'astronomie, puis d'histoire, qu'il destine à un public ouvrier. </p><p>Il développe pendant toute sa vie un système philosophique, le positivisme, qui part d'une théorie de la connaissance reposant sur la loi des trois états pour proposer une classification des sciences. Cette classification consacre l'avènement de la <i>physique sociale</i>, appelée sociologie à partir de 1839. Cette dernière aboutit elle-même à une politique et à une morale. Entre 1845 et 1849, le positivisme prend un tournant religieux, qui se concrétise dans la fondation de la religion de l'Humanité, l'Humanité étant entendue par Comte comme « l’ensemble des êtres passés, futurs et présents qui concourent librement à perfectionner l'ordre universel ». </p><p>L'influence d'Auguste Comte sur l'épistémologie et la sociologie françaises est considérable. Le mouvement positiviste a connu un développement international important par l'intermédiaire de nombreux disciples étrangers : Brésil, Angleterre, Allemagne, Pays-Bas, Hongrie, Italie, Argentine, Mexique, Uruguay, Turquie. </p><p>Le dernier domicile parisien qu'il a occupé à partir de 1841 au 10, rue Monsieur-le-Prince (<abbr title="Sixième">6<sup>e</sup></abbr> arrondissement) est aujourd'hui un appartement-musée ouvert aux visiteurs. Ses archives personnelles y sont conservées, ainsi que celles d'un grand nombre de sociétés positivistes et de disciples français comme étrangers. </p>
Cournot	1801	1877	Philosophie XIXe		https://fr.wikipedia.org/wiki/Cournot	 
Emerson	1803	1882	Philosophie XIXe		https://fr.wikipedia.org/wiki/Emerson	
Feuerbach	1804	1872	Philosophie allemande XVIIIe-XIXe		https://fr.wikipedia.org/wiki/Feuerbach	
Jacobi	1804	1851	Philosophie allemande XVIIIe-XIXe		https://fr.wikipedia.org/wiki/Jacobi	<p><b>Jacobi</b> est un patronyme d'origine allemande qui peut faire référence à : </p>
Tocqueville	1805	1859	Philosophie sociale et politique XIXe		https://fr.wikipedia.org/wiki/Tocqueville	<p><b>Tocqueville</b> est un toponyme normand signifiant « domaine (rural) de <i>Tóki</i> », nom d'homme norrois<sup>,</sup><sup>,</sup><sup>,</sup> (vieux danois <i>Toki, Tokki</i>). </p>
John Stuart Mill	1806	1873	Philosophie sociale et politique XIXe	https://upload.wikimedia.org/wikipedia/commons/4/43/John_Stuart_Mill_by_John_Watkins%2C_1865.jpg	https://fr.wikipedia.org/wiki/John_Stuart_Mill	<p><b>John Stuart Mill</b>, né le <time datetime="1806-05-20" data-sort-value="1806-05-20">20 mai 1806</time> à Londres et mort le <time datetime="1873-05-08" data-sort-value="1873-05-08">8 mai 1873</time> à Avignon, est un philosophe, logicien et économiste britannique. Penseur libéral parmi les plus influents du <abbr title="19ᵉ siècle"><span>XIX</span><sup style="font-size:72%">e</sup></abbr> siècle, il est un partisan de l'utilitarisme, une théorie éthique préalablement exposée par Jeremy Bentham, dont Mill propose sa compréhension personnelle. En économie, il est l'un des derniers représentants de l'école classique. Précurseur du féminisme, Mill propose en outre un système de logique qui opère la transition entre l'empirisme du <abbr title="18ᵉ siècle"><span>XVIII</span><sup style="font-size:72%">e</sup></abbr> siècle et la logique contemporaine. Il est enfin l'auteur du premier grand traité sur la démocratie représentative, <i>Considérations sur le gouvernement représentatif</i> (1861). À la fin de sa vie John Stuart Mill se tourna vers la théorie socialiste, pour laquelle il exprimait de plus en plus de sympathies. </p>
Stirner	1806	1856	Philosophie allemande XVIIIe-XIXe		https://fr.wikipedia.org/wiki/Stirner	 
Proudhon	1809	1865	Philosophie sociale et politique XIXe		https://fr.wikipedia.org/wiki/Proudhon	
Félix Ravaisson	1813	1900	Philosophie française XIXe-XXe	https://upload.wikimedia.org/wikipedia/commons/c/cc/Felix_Ravaisson-Mollien.jpg	https://fr.wikipedia.org/wiki/F%C3%A9lix_Ravaisson	<p><b>Jean Gaspard Félix Laché-Ravaisson-Mollien</b> (Namur, <time datetime="1813-10-23" data-sort-value="1813-10-23">23 octobre 1813</time> – Paris, <time datetime="1900-05-18" data-sort-value="1900-05-18">18 mai 1900</time>) est un philosophe et archéologue français. Il est l'élève de Schelling et le maître de Bergson. Sa philosophie s'inscrit dans la tradition du spiritualisme français. Il est influencé par Maine de Biran, réactualise la métaphysique aristotélicienne et critique l'éclectisme de Victor Cousin dans <i>La philosophie en France au <abbr title="19ᵉ siècle"><span>XIX</span><sup style="font-size:72%">e</sup></abbr> siècle</i>. Il n'occupe pas de chaire universitaire, mais il est conservateur du département des antiquités au musée du Louvre, président du jury de l'agrégation de philosophie et inspecteur général des bibliothèques. </p>
Søren Kierkegaard	1813	1855	Philosophie XIXe	https://upload.wikimedia.org/wikipedia/commons/d/d4/S%C3%B8ren_Kierkegaard_%281813-1855%29_-_%28cropped%29.jpg	https://fr.wikipedia.org/wiki/S%C3%B8ren_Kierkegaard	<p><b>Søren Aabye Kierkegaard</b> (<span>[ˈsœːɐn ˈkʰiɐ̯kəˌkɒːˀ]</span> ), né le <time datetime="1813-05-05" data-sort-value="1813-05-05">5 mai 1813</time> et mort le <time datetime="1855-11-11" data-sort-value="1855-11-11">11 novembre 1855</time> à Copenhague, est un théologien, philosophe, écrivain et poète danois, dont l’œuvre est considérée comme une première forme de l'existentialisme chrétien. </p><p>Son œuvre est constituée de textes critiques sur la religion organisée, le christianisme, la morale, l'éthique, la psychologie, la philosophie religieuse, et montre un goût pour la métaphore, l'ironie et les paraboles. Une grande partie de son travail traite de la manière dont on vit en tant qu'individu unique, donnant la priorité à la réalité humaine concrète sur la pensée abstraite et soulignant l'importance du choix et de l'engagement personnel. </p><p>Les premiers travaux de Kierkegaard ont été publiés sous différents pseudonymes qu'il utilisait pour présenter des points de vue différents. Il explorait les questions sous différents angles, chacun sous un pseudonyme différent. Il a également publié de nombreux <i>discours d'édification</i> sous son propre nom. </p><p>Parmi les idées clés de Kierkegaard figurent le concept de vérités subjectives et objectives, le souvenir et la reprise, l'angoisse, la distinction qualitative infinie, la foi comme passion, les trois étapes de la vie. </p><p>Kierkegaard a écrit en danois et la réception de son travail a été initialement limitée à la Scandinavie, mais au début du <abbr title="20ᵉ siècle"><span>XX</span><sup style="font-size:72%">e</sup></abbr> siècle, ses écrits ont été traduits en français, allemand et autres langues européennes majeures. Au milieu du <abbr title="20ᵉ siècle"><span>XX</span><sup style="font-size:72%">e</sup></abbr> siècle, sa pensée a exercé une influence considérable sur la philosophie, la théologie et la culture occidentale. Elle se poursuit jusqu'à nos jours. </p>
Bakounine	1814	1876	Philosophie sociale et politique XIXe		https://fr.wikipedia.org/wiki/Bakounine	
Marx	1818	1883	Philosophie sociale et politique XIXe		https://fr.wikipedia.org/wiki/Marx	
Engels	1820	1895	Philosophie sociale et politique XIXe		https://fr.wikipedia.org/wiki/Engels	 
Alfred Fouillée	 1838	1912	Philosophie française XIXe-XXe	https://upload.wikimedia.org/wikipedia/commons/7/7c/Nadar_-_Alfred_Fouill%C3%A9e_1.jpg	https://fr.wikipedia.org/wiki/Alfred_Fouill%C3%A9e	<p><b>Alfred Fouillée</b>, né le <time datetime="1838-10-18" data-sort-value="1838-10-18">18 octobre 1838</time> à La Pouëze (Maine-et-Loire) et mort le <time datetime="1912-07-16" data-sort-value="1912-07-16">16 juillet 1912</time> à Lyon, est un philosophe français. </p><p>Il est l'auteur d'un adage de droit civil : <span>« Qui dit contractuel, dit juste »</span> et est à l'origine de la notion métaphysique d'« idée-force ». </p>